{"Termoformar":18.147033667929296,"Cortar":18.20641949528696,"CQ":17.29471492003367,"Higienização":16.83092408775252}